approach,view,run,treatment,worth,BOM_abs,BOM_pct,OTIMO_abs,OTIMO_pct,PESSIMO_abs,PESSIMO_pct,RUIM_abs,RUIM_pct
bigram-0.0,controller,2,[bigram(Full_sport;Partial_rest)=[0.000000..1.000000)] [megalopole=NAO],1.017121,2279,25%,4043,44%,1908,21%,967,11%
bigram-0.0,monitor,1,[bigram(Partial_travel;Cash)=[0.000000..1.000000)],1.002525,2885,26%,4662,42%,2366,21%,1187,11%
boa-0.0,controller,5,[boa(Partial_mass)=[0.000000..1.000000)] [boa(State)=[0.000000..1.000000)] [megalopole=NAO],1.058948,1657,30%,2507,45%,897,16%,520,9%
boa-0.0,monitor,1,[boa(Partial_school)=[1.000000..1.000000]] [boa(Taxc)=[0.000000..1.000000)],1.115012,786,16%,2209,45%,1337,27%,563,12%
declare-0.0,controller,1,[exactly(Full_domestic)=[0.000000..1.000000)] [megalopole=NAO],1.036159,2050,26%,3586,45%,1551,19%,787,10%
declare-0.0,monitor,8,[participation(Partial_school)=[1.000000..1.000000]] [participation(Taxc)=[0.000000..1.000000)],1.115012,786,16%,2209,45%,1337,27%,563,12%
mra-0.0,controller,5,[mra(Partial_sport)=[0.000000..1.000000)],1.024718,2254,31%,3038,42%,1234,17%,732,10%
mra-0.0,monitor,10,[mra(Credit;Full_testing;Rate;Taxc;Wage)=[0.000000..1.000000)] [mra(Partial_sport)=[1.000000..1.000000]],1.116408,620,16%,1698,43%,1146,29%,453,12%
mrs-0.0,controller,10,[mrs(Partial_sport)=[0.000000..1.000000)],1.024718,2254,31%,3038,42%,1234,17%,732,10%
mrs-0.0,monitor,1,[mrs(Partial_sport)=[1.000000..1.000000]],1.114822,632,16%,1699,43%,1146,29%,456,12%
trigram-0.0,controller,2,[megalopole=NAO] [trigram(Partial_domestic;Partial_travel;Cash)=[0.000000..1.000000)],1.016376,2290,25%,4060,44%,1922,21%,974,11%
trigram-0.0,monitor,1,[trigram(Partial_travel;Cash;Taxd)=[0.000000..1.000000)],1.002507,2886,26%,4686,42%,2376,21%,1188,11%
