approach,view,run,treatment,worth,no_abs,no_pct,yes_abs,yes_pct
bigram-0.0,controller,1,[bigram(Lacticacid;Iv_antibiotics)=[0.000000..1.000000)],1.007152,615,87%,92,13%
bigram-0.0,controller,2,[bigram(Crp;Er_sepsis_triage)=[0.000000..1.000000)] [bigram(Leucocytes;Iv_antibiotics)=[0.000000..1.000000)],1.007391,604,87%,90,13%
bigram-0.0,controller,3,[bigram(Lacticacid;Iv_antibiotics)=[0.000000..1.000000)],1.007152,615,87%,92,13%
bigram-0.0,controller,4,[bigram(Lacticacid;Iv_antibiotics)=[0.000000..1.000000)] [bigram(Release_a;Crp)=[0.000000..1.000000)],1.008384,614,87%,90,13%
bigram-0.0,controller,5,[bigram(Lacticacid;Iv_antibiotics)=[0.000000..1.000000)],1.007152,615,87%,92,13%
bigram-0.0,monitor,1,[bigram(Crp;Iv_antibiotics)=[0.000000..1.000000)],1.007055,605,85%,108,15%
bigram-0.0,monitor,2,[bigram(Crp;Iv_antibiotics)=[0.000000..1.000000)],1.007055,605,85%,108,15%
bigram-0.0,monitor,3,[bigram(Crp;Iv_antibiotics)=[0.000000..1.000000)] [bigram(Lacticacid;Release_b)=[0.000000..1.000000)],1.007802,601,85%,108,15%
bigram-0.0,monitor,4,[bigram(Crp;Iv_antibiotics)=[0.000000..1.000000)] [bigram(Iv_liquid;Admission_ic)=[0.000000..1.000000)],1.007428,603,85%,108,15%
bigram-0.0,monitor,5,[bigram(Crp;Iv_antibiotics)=[0.000000..1.000000)],1.007055,605,85%,108,15%
boa-0.0,controller,1,[boa(Er_sepsis_triage)=[1.000000..1.000000]] [boa(Release_d)=[0.000000..1.000000)],1.001721,650,86%,106,14%
boa-0.0,controller,2,[boa(Er_sepsis_triage)=[1.000000..1.000000]] [boa(Release_d)=[0.000000..1.000000)],1.001721,650,86%,106,14%
boa-0.0,controller,3,[boa(Er_sepsis_triage)=[1.000000..1.000000]] [boa(Release_d)=[0.000000..1.000000)],1.001721,650,86%,106,14%
boa-0.0,controller,4,[boa(Er_sepsis_triage)=[1.000000..1.000000]] [boa(Release_d)=[0.000000..1.000000)],1.001721,650,86%,106,14%
boa-0.0,controller,5,[boa(Er_sepsis_triage)=[1.000000..1.000000]] [boa(Release_d)=[0.000000..1.000000)],1.001721,650,86%,106,14%
boa-0.0,monitor,1,[boa(Release_b)=[0.000000..1.000000)] [boa(Release_c)=[0.000000..1.000000)],1.011818,591,84%,110,16%
boa-0.0,monitor,2,[boa(Release_a)=[1.000000..1.000000]],1.011437,566,84%,105,16%
boa-0.0,monitor,3,[boa(Release_b)=[0.000000..1.000000)] [boa(Release_c)=[0.000000..1.000000)],1.011818,591,84%,110,16%
boa-0.0,monitor,4,[boa(Er_triage)=[1.000000..2.000000)] [boa(Release_a)=[1.000000..1.000000]],1.011641,565,84%,105,16%
boa-0.0,monitor,5,[boa(Release_b)=[0.000000..1.000000)] [boa(Release_c)=[0.000000..1.000000)] [boa(Release_e)=[0.000000..1.000000)],1.013003,585,84%,110,16%
declare-0.0,controller,1,[chain_precedence(Leucocytes;Iv_antibiotics)=[0.000000..1.000000)],1.005225,622,87%,96,13%
declare-0.0,controller,2,[chain_precedence(Lacticacid;Iv_antibiotics)=[0.000000..1.000000)],1.007152,615,87%,92,13%
declare-0.0,controller,3,[chain_precedence(Leucocytes;Iv_antibiotics)=[0.000000..1.000000)] [precedence(Leucocytes;Admission_nc)=[1.000000..1.000000]],1.004867,612,87%,95,13%
declare-0.0,controller,4,[alternate_response(Release_a;Leucocytes)=[0.000000..1.000000)],1.002279,668,86%,108,14%
declare-0.0,controller,5,[chain_precedence(Leucocytes;Iv_antibiotics)=[0.000000..1.000000)],1.005225,622,87%,96,13%
declare-0.0,monitor,1,[responded_existence(Release_a;Admission_nc)=[1.000000..1.000000]],1.011641,565,84%,105,16%
declare-0.0,monitor,2,[responded_existence(Crp;Release_a)=[1.000000..1.000000]],1.012672,560,84%,105,16%
declare-0.0,monitor,3,[precedence(Crp;Release_a)=[1.000000..1.000000]],1.012672,560,84%,105,16%
declare-0.0,monitor,4,[alternate_succession(Er_sepsis_triage;Release_b)=[0.000000..1.000000)] [precedence(Iv_liquid;Release_c)=[0.000000..1.000000)] [succession(Er_triage;Release_c)=[0.000000..1.000000)],1.011818,591,84%,110,16%
declare-0.0,monitor,5,[precedence(Crp;Release_a)=[1.000000..1.000000]],1.012672,560,84%,105,16%
declare-0.02,controller,1,[chain_precedence(Leucocytes;Iv_antibiotics)=[0.000000..1.000000)],1.005225,622,87%,96,13%
declare-0.02,controller,2,[chain_precedence(Leucocytes;Iv_antibiotics)=[0.000000..1.000000)],1.005225,622,87%,96,13%
declare-0.02,controller,3,[chain_precedence(Lacticacid;Iv_antibiotics)=[0.000000..1.000000)],1.007152,615,87%,92,13%
declare-0.02,controller,4,[chain_precedence(Lacticacid;Iv_antibiotics)=[0.000000..1.000000)],1.007152,615,87%,92,13%
declare-0.02,controller,5,[chain_precedence(Leucocytes;Iv_antibiotics)=[0.000000..1.000000)],1.005225,622,87%,96,13%
declare-0.02,monitor,1,[alternate_precedence(Crp;Release_b)=[0.000000..1.000000)] [participation(Lacticacid)=[1.000000..1.000000]],1.015425,547,84%,105,16%
declare-0.02,monitor,2,[responded_existence(Leucocytes;Release_b)=[0.000000..1.000000)] [response(Crp;Release_c)=[0.000000..1.000000)],1.011818,591,84%,110,16%
declare-0.02,monitor,3,[chain_response(Iv_antibiotics;Admission_ic)=[0.000000..1.000000)] [responded_existence(Release_a;Crp)=[1.000000..1.000000]],1.017312,523,84%,102,16%
declare-0.02,monitor,4,[alternate_precedence(Er_registration;Er_sepsis_triage)=[1.000000..1.000000]] [responded_existence(Leucocytes;Lacticacid)=[1.000000..1.000000]] [succession(Er_triage;Release_b)=[0.000000..1.000000)] [succession(Lacticacid;Er_triage)=[0.000000..1.000000)],1.016366,522,84%,101,16%
declare-0.02,monitor,5,[alternate_succession(Leucocytes;Admission_nc)=[0.000000..1.000000)] [co_existence(Er_triage;Release_b)=[0.000000..1.000000)],1.021759,514,83%,104,17%
declare-0.05,controller,1,[chain_precedence(Lacticacid;Iv_antibiotics)=[0.000000..1.000000)],1.007152,615,87%,92,13%
declare-0.05,controller,2,[chain_precedence(Lacticacid;Iv_antibiotics)=[0.000000..1.000000)],1.007152,615,87%,92,13%
declare-0.05,controller,3,[chain_precedence(Lacticacid;Iv_antibiotics)=[0.000000..1.000000)],1.007152,615,87%,92,13%
declare-0.05,controller,4,[chain_precedence(Lacticacid;Iv_antibiotics)=[0.000000..1.000000)],1.007152,615,87%,92,13%
declare-0.05,controller,5,[chain_precedence(Lacticacid;Iv_antibiotics)=[0.000000..1.000000)],1.007152,615,87%,92,13%
declare-0.05,monitor,1,[alternate_precedence(Crp;Release_a)=[1.000000..1.000000]] [co_existence(Admission_nc;Release_a)=[1.000000..1.000000]] [precedence(Lacticacid;Release_b)=[0.000000..1.000000)],1.012880,559,84%,105,16%
declare-0.05,monitor,2,[alternate_response(Er_registration;Release_b)=[0.000000..1.000000)] [succession(Er_triage;Lacticacid)=[1.000000..1.000000]],1.017540,522,84%,102,16%
declare-0.05,monitor,3,[alternate_response(Iv_liquid;Release_b)=[0.000000..1.000000)] [responded_existence(Crp;Lacticacid)=[1.000000..1.000000]],1.013088,558,84%,105,16%
declare-0.05,monitor,4,[chain_response(Iv_antibiotics;Leucocytes)=[0.000000..1.000000)] [succession(Er_triage;Lacticacid)=[1.000000..1.000000]],1.014568,530,84%,101,16%
declare-0.05,monitor,5,[alternate_precedence(Lacticacid;Leucocytes)=[0.000000..1.000000)] [response(Er_registration;Release_b)=[0.000000..1.000000)],1.013688,571,84%,108,16%
mra-0.0,controller,1,[mra(Admission_nc;Admission_nc;Crp;Iv_antibiotics;Iv_liquid)=[0.000000..1.000000)] [mra(Admission_nc;Crp;Iv_antibiotics;Lacticacid;Leucocytes;Leucocytes)=[0.000000..1.000000)],1.009432,611,87%,88,13%
mra-0.0,controller,2,[mra(Admission_nc;Admission_nc;Iv_antibiotics)=[0.000000..1.000000)],1.007568,600,88%,84,12%
mra-0.0,controller,3,[mra(Admission_nc;Admission_nc;Crp;Crp;Iv_antibiotics;Leucocytes;Leucocytes)=[0.000000..1.000000)] [mra(Crp;Crp;Crp;Crp;Leucocytes;Leucocytes;Leucocytes;Leucocytes;Leucocytes;Release_a)=[0.000000..1.000000)],1.008012,617,87%,91,13%
mra-0.0,controller,4,[mra(Admission_nc;Admission_nc;Crp;Crp;Iv_antibiotics;Leucocytes;Leucocytes)=[0.000000..1.000000)],1.008207,619,87%,91,13%
mra-0.0,controller,5,[mra(Admission_nc;Admission_nc;Crp;Crp;Iv_antibiotics;Leucocytes;Leucocytes)=[0.000000..1.000000)],1.008207,619,87%,91,13%
mra-0.0,monitor,1,[mra(Release_a)=[1.000000..1.000000]],1.011437,566,84%,105,16%
mra-0.0,monitor,2,[mra(Admission_nc;Crp;Crp;Crp;Crp;Lacticacid;Lacticacid;Leucocytes;Leucocytes;Leucocytes;Leucocytes;Release_a)=[0.000000..1.000000)] [mra(Er_sepsis_triage;Er_triage;Iv_antibiotics;Iv_liquid)=[0.000000..1.000000)],1.010024,573,85%,105,15%
mra-0.0,monitor,3,[mra(Release_a)=[1.000000..1.000000]],1.011437,566,84%,105,16%
mra-0.0,monitor,4,[mra(Crp;Er_registration;Er_triage;Iv_liquid;Lacticacid;Leucocytes)=[0.000000..1.000000)] [mra(Er_registration;Er_sepsis_triage;Er_triage;Iv_antibiotics;Iv_liquid)=[0.000000..1.000000)],1.009422,587,85%,107,15%
mra-0.0,monitor,5,[mra(Release_b)=[0.000000..1.000000)],1.009688,613,85%,112,15%
mrs-0.0,controller,1,[mrs(Iv_antibiotics;Admission_nc;Admission_nc;Crp)=[0.000000..1.000000)] [mrs(Lacticacid;Leucocytes;Lacticacid;Crp;Lacticacid)=[0.000000..1.000000)],1.007338,637,87%,95,13%
mrs-0.0,controller,2,[mrs(Er_triage;Er_sepsis_triage;Crp;Lacticacid;Leucocytes;Iv_antibiotics;Admission_nc)=[0.000000..1.000000)] [mrs(Leucocytes;Leucocytes;Crp;Leucocytes)=[0.000000..1.000000)],1.003662,602,86%,95,14%
mrs-0.0,controller,3,[mrs(Iv_antibiotics;Admission_nc;Admission_nc;Crp;Leucocytes)=[0.000000..1.000000)],1.005858,648,87%,99,13%
mrs-0.0,controller,4,[mrs(Admission_nc;Crp;Leucocytes;Crp;Leucocytes;Crp;Leucocytes;Crp;Leucocytes)=[0.000000..1.000000)] [mrs(Lacticacid;Iv_antibiotics)=[0.000000..1.000000)] [mrs(Leucocytes;Lacticacid;Leucocytes;Crp;Leucocytes;Crp;Lacticacid;Admission_nc)=[0.000000..1.000000)],1.010394,614,88%,87,12%
mrs-0.0,controller,5,[mrs(Leucocytes;Crp;Lacticacid;Iv_antibiotics)=[0.000000..1.000000)] [mrs(Leucocytes;Lacticacid;Admission_nc)=[0.000000..1.000000)],1.005886,609,87%,93,13%
mrs-0.0,monitor,1,[mrs(Release_b)=[0.000000..1.000000)],1.009688,613,85%,112,15%
mrs-0.0,monitor,2,[mrs(Crp;Crp;Leucocytes;Admission_nc)=[0.000000..1.000000)] [mrs(Leucocytes;Lacticacid;Crp;Admission_nc)=[0.000000..1.000000)],1.005945,628,85%,111,15%
mrs-0.0,monitor,3,[mrs(Crp;Iv_antibiotics)=[0.000000..1.000000)],1.007055,605,85%,108,15%
mrs-0.0,monitor,4,[mrs(Release_b)=[0.000000..1.000000)],1.009688,613,85%,112,15%
mrs-0.0,monitor,5,[mrs(Er_registration;Er_triage;Er_sepsis_triage;Iv_liquid;Iv_antibiotics;Leucocytes)=[0.000000..1.000000)],1.004837,640,85%,112,15%
trigram-0.0,controller,1,[trigram(Lacticacid;Iv_antibiotics;Admission_nc)=[0.000000..1.000000)],1.006214,632,87%,96,13%
trigram-0.0,controller,2,[trigram(Lacticacid;Iv_antibiotics;Admission_nc)=[0.000000..1.000000)],1.006214,632,87%,96,13%
trigram-0.0,controller,3,[trigram(Lacticacid;Iv_antibiotics;Admission_nc)=[0.000000..1.000000)],1.006214,632,87%,96,13%
trigram-0.0,controller,4,[trigram(Lacticacid;Iv_antibiotics;Admission_nc)=[0.000000..1.000000)],1.006214,632,87%,96,13%
trigram-0.0,controller,5,[trigram(Crp;Lacticacid;Iv_antibiotics)=[0.000000..1.000000)],1.005620,639,87%,98,13%
trigram-0.0,monitor,1,[trigram(Iv_liquid;Iv_antibiotics;Leucocytes)=[0.000000..1.000000)],1.005884,634,85%,112,15%
trigram-0.0,monitor,2,[trigram(Er_sepsis_triage;Leucocytes;Lacticacid)=[0.000000..1.000000)],1.005527,619,85%,109,15%
trigram-0.0,monitor,3,[trigram(Iv_liquid;Iv_antibiotics;Leucocytes)=[0.000000..1.000000)],1.005884,634,85%,112,15%
trigram-0.0,monitor,4,[trigram(Admission_nc;Iv_antibiotics;Crp)=[0.000000..1.000000)] [trigram(Iv_antibiotics;Admission_ic;Lacticacid)=[0.000000..1.000000)] [trigram(Iv_liquid;Iv_antibiotics;Leucocytes)=[0.000000..1.000000)],1.009316,615,85%,112,15%
trigram-0.0,monitor,5,[trigram(Lacticacid;Crp;Admission_nc)=[0.000000..1.000000)],1.005062,633,85%,111,15%
