approach,view,run,treatment,worth,#_abs,#_pct,G_abs,G_pct,NIL_abs,NIL_pct
bigram-0.0,controller,1,[bigram(Add_penalty;Send_appeal_to_prefecture)=[0.000000..1.000000)] [bigram(Notify_result_appeal_to_offender;Appeal_to_judge)=[0.000000..1.000000)],1.006572,323,0%,36,0%,124001,100%
bigram-0.0,monitor,1,[bigram(Notify_result_appeal_to_offender;Appeal_to_judge)=[1.000000..1.000000]] [bigram(Receive_result_appeal_from_prefecture;Notify_result_appeal_to_offender)=[1.000000..1.000000]],1.980819,0,0%,46,34%,90,66%
boa-0.0,controller,1,[boa(Appeal_to_judge)=[0.000000..1.000000)] [boa(Send_appeal_to_prefecture)=[0.000000..1.000000)] [boa(Send_fine)=[1.000000..1.000000]],1.008100,0,0%,0,0%,78753,100%
boa-0.0,monitor,1,[boa(Appeal_to_judge)=[1.000000..1.000000]] [boa(Notify_result_appeal_to_offender)=[1.000000..1.000000]] [boa(Receive_result_appeal_from_prefecture)=[1.000000..1.000000]],1.954370,0,0%,54,33%,110,67%
declare-0.0,controller,1,[last(Payment)=[1.000000..1.000000]] [responded_existence(Appeal_to_judge;Create_fine)=[0.000000..1.000000)],1.008100,0,0%,0,0%,64378,100%
declare-0.0,monitor,1,[last(Appeal_to_judge)=[1.000000..1.000000]] [response(Insert_fine_notification;Appeal_to_judge)=[1.000000..1.000000]],2.790963,0,0%,76,61%,48,39%
mra-0.0,controller,1,[mra(Insert_date_appeal_to_prefecture)=[0.000000..1.000000)],1.007885,0,0%,35,0%,123194,100%
mra-0.0,monitor,1,[mra(Appeal_to_judge)=[1.000000..1.000000]] [mra(Appeal_to_judge;Notify_result_appeal_to_offender;Receive_result_appeal_from_prefecture)=[1.000000..1.000000]],2.020605,0,0%,51,35%,94,65%
mrs-0.0,controller,1,[mrs(Create_fine;Send_fine;Insert_fine_notification;Insert_date_appeal_to_prefecture;Send_appeal_to_prefecture;Receive_result_appeal_from_prefecture;Add_penalty;Notify_result_appeal_to_offender;Send_for_credit_collection)=[0.000000..1.000000)] [mrs(Insert_date_appeal_to_prefecture)=[0.000000..1.000000)],1.007885,0,0%,35,0%,123194,100%
mrs-0.0,monitor,1,[mrs(Receive_result_appeal_from_prefecture;Notify_result_appeal_to_offender;Appeal_to_judge)=[1.000000..1.000000]],1.980819,0,0%,46,34%,90,66%
trigram-0.0,controller,1,[trigram(Send_appeal_to_prefecture;Receive_result_appeal_from_prefecture;Notify_result_appeal_to_offender)=[0.000000..1.000000)] [trigram(Send_fine;Insert_fine_notification;Insert_date_appeal_to_prefecture)=[0.000000..1.000000)],1.006578,317,0%,38,0%,123534,100%
trigram-0.0,monitor,1,[trigram(Receive_result_appeal_from_prefecture;Notify_result_appeal_to_offender;Appeal_to_judge)=[1.000000..1.000000]],1.980819,0,0%,46,34%,90,66%
