caseid,class
D,yes
L,yes
O,yes
WA,yes
PB,yes
QB,yes
CC,yes
LC,yes
MC,yes
RC,yes
WC,yes
MD,yes
FE,yes
JE,yes
AF,yes
BF,yes
CF,yes
GF,yes
GG,yes
PG,yes
QG,yes
VG,yes
IH,yes
JH,yes
EI,yes
HI,yes
II,yes
RI,yes
XI,yes
TJ,yes
XJ,yes
OK,yes
SK,yes
YK,yes
GL,yes
OL,yes
YL,yes
KM,yes
SM,yes
WM,yes
XM,yes
GN,yes
HN,yes
MN,yes
XN,yes
DO,yes
JO,yes
SO,yes
VO,yes
IP,yes
MP,yes
EQ,yes
IQ,yes
LQ,yes
TQ,yes
ZQ,yes
RR,yes
ES,yes
HS,yes
GT,yes
OT,yes
WT,yes
XT,yes
YT,yes
CU,yes
LU,yes
OU,yes
KV,yes
TV,yes
JW,yes
KW,yes
WW,yes
FX,yes
KX,yes
OX,yes
FY,yes
IY,yes
JY,yes
FZ,yes
MZ,yes
PZ,yes
AAA,yes
SCA,yes
TCA,yes
XCA,yes
ADA,yes
EDA,yes
FDA,yes
HEA,yes
ZEA,yes
KFA,yes
IGA,yes
PGA,yes
YGA,yes
CHA,yes
AIA,yes
NIA,yes
QIA,yes
YIA,yes
GJA,yes
SJA,yes
BKA,yes
DKA,yes
LKA,yes
ILA,yes
OLA,yes
PLA,yes
RLA,yes
EMA,yes
FMA,yes
YMA,yes
CNA,yes
A,no
B,no
C,no
F,no
G,no
H,no
I,no
J,no
K,no
N,no
S,no
T,no
U,no
V,no
W,no
X,no
Z,no
BA,no
DA,no
EA,no
GA,no
HA,no
JA,no
KA,no
MA,no
NA,no
QA,no
SA,no
TA,no
UA,no
VA,no
CB,no
DB,no
GB,no
HB,no
IB,no
KB,no
LB,no
NB,no
OB,no
RB,no
SB,no
TB,no
VB,no
XB,no
YB,no
ZB,no
AC,no
DC,no
EC,no
FC,no
GC,no
IC,no
JC,no
KC,no
OC,no
QC,no
TC,no
UC,no
VC,no
AD,no
BD,no
DD,no
ED,no
GD,no
HD,no
JD,no
KD,no
LD,no
ND,no
OD,no
QD,no
SD,no
TD,no
UD,no
VD,no
XD,no
ZD,no
AE,no
BE,no
CE,no
EE,no
GE,no
HE,no
IE,no
KE,no
LE,no
ME,no
QE,no
SE,no
UE,no
VE,no
WE,no
YE,no
ZE,no
EF,no
HF,no
IF,no
KF,no
NF,no
PF,no
QF,no
SF,no
TF,no
UF,no
VF,no
WF,no
XF,no
YF,no
ZF,no
BG,no
CG,no
DG,no
FG,no
HG,no
IG,no
JG,no
KG,no
LG,no
OG,no
RG,no
TG,no
WG,no
YG,no
ZG,no
AH,no
BH,no
CH,no
DH,no
EH,no
FH,no
HH,no
KH,no
LH,no
NH,no
OH,no
QH,no
SH,no
TH,no
XH,no
YH,no
ZH,no
AI,no
BI,no
CI,no
DI,no
GI,no
KI,no
LI,no
NI,no
PI,no
QI,no
SI,no
TI,no
UI,no
VI,no
WI,no
YI,no
ZI,no
AJ,no
BJ,no
CJ,no
DJ,no
EJ,no
FJ,no
GJ,no
HJ,no
IJ,no
JJ,no
KJ,no
LJ,no
MJ,no
NJ,no
OJ,no
PJ,no
QJ,no
SJ,no
UJ,no
VJ,no
YJ,no
ZJ,no
BK,no
DK,no
EK,no
FK,no
GK,no
HK,no
JK,no
KK,no
LK,no
MK,no
NK,no
PK,no
QK,no
RK,no
UK,no
VK,no
WK,no
ZK,no
AL,no
BL,no
DL,no
EL,no
HL,no
IL,no
JL,no
LL,no
ML,no
RL,no
SL,no
TL,no
VL,no
WL,no
XL,no
ZL,no
BM,no
CM,no
EM,no
FM,no
GM,no
HM,no
IM,no
JM,no
LM,no
MM,no
NM,no
OM,no
QM,no
RM,no
VM,no
YM,no
ZM,no
BN,no
CN,no
FN,no
JN,no
KN,no
LN,no
NN,no
ON,no
QN,no
RN,no
TN,no
VN,no
WN,no
AO,no
CO,no
EO,no
FO,no
GO,no
HO,no
IO,no
KO,no
MO,no
NO,no
OO,no
PO,no
QO,no
TO,no
WO,no
XO,no
YO,no
ZO,no
BP,no
CP,no
DP,no
GP,no
HP,no
KP,no
LP,no
NP,no
QP,no
RP,no
TP,no
UP,no
VP,no
WP,no
XP,no
YP,no
ZP,no
AQ,no
BQ,no
CQ,no
FQ,no
GQ,no
HQ,no
JQ,no
KQ,no
MQ,no
OQ,no
PQ,no
QQ,no
SQ,no
UQ,no
VQ,no
WQ,no
XQ,no
YQ,no
AR,no
BR,no
CR,no
DR,no
HR,no
JR,no
LR,no
MR,no
NR,no
OR,no
PR,no
SR,no
TR,no
UR,no
VR,no
WR,no
YR,no
ZR,no
AS,no
BS,no
DS,no
GS,no
IS,no
JS,no
KS,no
LS,no
MS,no
OS,no
PS,no
QS,no
RS,no
SS,no
TS,no
US,no
VS,no
XS,no
YS,no
ZS,no
BT,no
CT,no
DT,no
ET,no
FT,no
HT,no
IT,no
JT,no
KT,no
LT,no
MT,no
NT,no
PT,no
RT,no
ST,no
UT,no
VT,no
ZT,no
AU,no
BU,no
EU,no
FU,no
GU,no
IU,no
JU,no
MU,no
NU,no
PU,no
QU,no
RU,no
TU,no
UU,no
VU,no
WU,no
ZU,no
AV,no
BV,no
CV,no
GV,no
HV,no
JV,no
LV,no
MV,no
NV,no
PV,no
SV,no
UV,no
WV,no
YV,no
ZV,no
BW,no
CW,no
DW,no
EW,no
FW,no
IW,no
LW,no
MW,no
NW,no
OW,no
PW,no
QW,no
RW,no
SW,no
TW,no
UW,no
VW,no
XW,no
YW,no
ZW,no
BX,no
CX,no
DX,no
EX,no
GX,no
HX,no
JX,no
LX,no
MX,no
NX,no
QX,no
SX,no
TX,no
XX,no
YX,no
ZX,no
AY,no
CY,no
DY,no
EY,no
GY,no
HY,no
OY,no
QY,no
RY,no
SY,no
VY,no
XY,no
YY,no
AZ,no
BZ,no
CZ,no
DZ,no
HZ,no
IZ,no
KZ,no
LZ,no
NZ,no
QZ,no
RZ,no
UZ,no
WZ,no
XZ,no
YZ,no
ZZ,no
BAA,no
DAA,no
EAA,no
FAA,no
GAA,no
HAA,no
IAA,no
JAA,no
KAA,no
MAA,no
OAA,no
QAA,no
RAA,no
SAA,no
TAA,no
VAA,no
WAA,no
XAA,no
YAA,no
ZAA,no
ABA,no
BBA,no
CBA,no
DBA,no
EBA,no
FBA,no
GBA,no
HBA,no
IBA,no
KBA,no
LBA,no
MBA,no
OBA,no
PBA,no
QBA,no
RBA,no
SBA,no
TBA,no
UBA,no
WBA,no
XBA,no
YBA,no
ZBA,no
BCA,no
DCA,no
ECA,no
FCA,no
GCA,no
JCA,no
KCA,no
NCA,no
QCA,no
RCA,no
VCA,no
WCA,no
BDA,no
DDA,no
GDA,no
HDA,no
IDA,no
LDA,no
NDA,no
ODA,no
PDA,no
QDA,no
SDA,no
TDA,no
UDA,no
VDA,no
WDA,no
YDA,no
ZDA,no
CEA,no
DEA,no
EEA,no
FEA,no
GEA,no
IEA,no
LEA,no
MEA,no
NEA,no
OEA,no
PEA,no
SEA,no
TEA,no
XEA,no
YEA,no
AFA,no
BFA,no
CFA,no
DFA,no
GFA,no
JFA,no
LFA,no
MFA,no
PFA,no
QFA,no
RFA,no
SFA,no
VFA,no
WFA,no
XFA,no
YFA,no
ZFA,no
AGA,no
BGA,no
CGA,no
DGA,no
EGA,no
HGA,no
JGA,no
MGA,no
NGA,no
OGA,no
RGA,no
SGA,no
TGA,no
UGA,no
WGA,no
XGA,no
ZGA,no
AHA,no
BHA,no
DHA,no
EHA,no
FHA,no
GHA,no
HHA,no
IHA,no
JHA,no
KHA,no
LHA,no
MHA,no
NHA,no
OHA,no
QHA,no
RHA,no
SHA,no
THA,no
WHA,no
YHA,no
ZHA,no
BIA,no
EIA,no
FIA,no
HIA,no
IIA,no
KIA,no
LIA,no
MIA,no
OIA,no
PIA,no
RIA,no
TIA,no
UIA,no
VIA,no
BJA,no
CJA,no
DJA,no
EJA,no
FJA,no
HJA,no
JJA,no
NJA,no
TJA,no
WJA,no
XJA,no
YJA,no
ZJA,no
CKA,no
EKA,no
FKA,no
HKA,no
JKA,no
KKA,no
MKA,no
NKA,no
OKA,no
PKA,no
QKA,no
RKA,no
TKA,no
UKA,no
VKA,no
WKA,no
XKA,no
YKA,no
ZKA,no
ALA,no
BLA,no
ELA,no
GLA,no
HLA,no
JLA,no
KLA,no
SLA,no
ULA,no
WLA,no
YLA,no
ZLA,no
AMA,no
BMA,no
GMA,no
JMA,no
KMA,no
LMA,no
NMA,no
OMA,no
PMA,no
QMA,no
SMA,no
TMA,no
UMA,no
ZMA,no
ANA,no
BNA,no
GNA,no
HNA,no
KNA,no
