approach,view,run,treatment,worth,amount to pay 1_abs,amount to pay 1_pct,amount to pay 2_abs,amount to pay 2_pct,amount to pay 3_abs,amount to pay 3_pct,full payment_abs,full payment_pct
bigram-0.0,controller,1,[bigram(Create_fine;Payment)=[1.000000..1.000000]] [bigram(Send_fine;Insert_fine_notification)=[0.000000..1.000000)],1.779302,399,1%,0,0%,0,0%,44172,99%
bigram-0.0,monitor,1,[bigram(Add_penalty;Send_for_credit_collection)=[1.000000..1.000000]] [bigram(Create_fine;Payment)=[0.000000..1.000000)] [bigram(Insert_fine_notification;Add_penalty)=[1.000000..1.000000]],1.583863,9445,17%,27363,48%,19688,35%,0,0%
boa-0.0,controller,1,[boa(Send_appeal_to_prefecture)=[0.000000..1.000000)] [boa(Send_fine)=[0.000000..1.000000)] [vehicleClass=A],1.786173,55,0%,0,0%,0,0%,43503,100%
boa-0.0,monitor,1,[boa(Insert_fine_notification)=[1.000000..1.000000]] [boa(Payment)=[0.000000..1.000000)],1.601463,9682,16%,28686,48%,21560,36%,2,0%
declare-0.0,controller,1,[alternate_response(Create_fine;Send_fine)=[0.000000..1.000000)] [vehicleClass=A],1.786173,55,0%,0,0%,0,0%,43503,100%
declare-0.0,monitor,1,[exactly(Payment)=[0.000000..1.000000)] [responded_existence(Send_fine;Insert_fine_notification)=[1.000000..1.000000]],1.601463,9682,16%,28686,48%,21560,36%,2,0%
mra-0.0,controller,1,[mra(Add_penalty;Insert_fine_notification)=[0.000000..1.000000)] [mra(Create_fine;Payment)=[1.000000..1.000000]] [mra(Create_fine;Payment;Send_fine)=[0.000000..1.000000)],1.786168,56,0%,0,0%,0,0%,44097,100%
mra-0.0,monitor,1,[mra(Payment)=[0.000000..1.000000)],1.600173,9787,16%,28687,48%,21588,36%,2,0%
mrs-0.0,controller,1,[mrs(Send_fine)=[0.000000..1.000000)] [mrs(Send_fine;Insert_fine_notification;Insert_date_appeal_to_prefecture;Send_appeal_to_prefecture)=[0.000000..1.000000)],1.786168,56,0%,0,0%,0,0%,44096,100%
mrs-0.0,monitor,1,[mrs(Payment)=[0.000000..1.000000)],1.600173,9787,16%,28687,48%,21588,36%,2,0%
trigram-0.0,controller,1,[trigram(Create_fine;Send_fine;Insert_fine_notification)=[0.000000..1.000000)] [trigram(Create_fine;Send_fine;Payment)=[0.000000..1.000000)] [trigram(Send_fine;Insert_fine_notification;Add_penalty)=[0.000000..1.000000)],1.774976,521,1%,7,0%,49,0%,44177,99%
trigram-0.0,monitor,1,[dismissal=NIL] [trigram(Insert_fine_notification;Add_penalty;Send_for_credit_collection)=[1.000000..1.000000]],1.583585,9473,17%,27360,48%,19699,35%,0,0%
