approach,view,run,treatment,worth,no_abs,no_pct,yes_abs,yes_pct
bigram-0.0,controller,1,[bigram(Code_ok;Billed)=[1.000000..2.000000)],1.021476,62076,100%,303,0%
bigram-0.0,monitor,1,[bigram(Fin;Release)=[0.000000..1.000000)] [bigram(Release;Code_ok)=[0.000000..1.000000)],1.283278,3762,66%,1967,34%
boa-0.0,controller,1,[boa(Billed)=[1.000000..2.000000)] [boa(Reject)=[0.000000..1.000000)],1.023914,62264,100%,6,0%
boa-0.0,monitor,1,[boa(Billed)=[0.000000..1.000000)] [boa(Code_ok)=[0.000000..1.000000)] [boa(Fin)=[0.000000..1.000000)],1.847048,101,6%,1695,94%
declare-0.0,controller,1,[last(Billed)=[1.000000..1.000000]],1.023963,63498,100%,0,0%
declare-0.0,monitor,1,[alternate_response(New;Fin)=[0.000000..1.000000)] [responded_existence(Code_ok;Billed)=[0.000000..1.000000)],1.844658,124,7%,1703,93%
mra-0.0,monitor,1,[mra(Fin)=[0.000000..1.000000)],1.841096,113,6%,1695,94%
mrs-0.0,controller,1,[mrs(Change_diagn;Fin;Release;Code_ok;Billed)=[1.000000..2.000000)],1.022661,37652,100%,96,0%
mrs-0.0,monitor,1,[mrs(Fin)=[0.000000..1.000000)],1.841096,113,6%,1695,94%
trigram-0.0,controller,1,[trigram(Release;Code_ok;Billed)=[1.000000..2.000000)],1.021477,61492,100%,300,0%
trigram-0.0,monitor,1,[trigram(Release;Code_ok;Billed)=[0.000000..1.000000)],1.242932,7200,70%,3102,30%
